"Frontline Source Group, Inc.","https://www.linkedin.com/company/frontline-source-group,-inc."
"PHP Agency, Inc.","https://www.linkedin.com/company/php-agency,-inc."
Advocates,https://www.linkedin.com/company/advocates
"TireHub, LLC","https://www.linkedin.com/company/tirehub,-llc"
The Aleut Corporation,https://www.linkedin.com/company/the-aleut-corporation
Avispa Technology,https://www.linkedin.com/company/avispa-technology
iHeartMedia Inc,https://www.linkedin.com/company/iheartmedia-inc
Zeta Interactive,https://www.linkedin.com/company/zeta-interactive
United Surgical Partners International Inc (USPI),https://www.linkedin.com/company/united-surgical-partners-international-inc-(uspi)
Eastern Connecticut Health Network,https://www.linkedin.com/company/eastern-connecticut-health-network
Santander,https://www.linkedin.com/company/santander
LAW DAWGS,https://www.linkedin.com/company/law-dawgs
"Joseph, Greenwald & Laake, P.A.","https://www.linkedin.com/company/joseph,-greenwald-&-laake,-p.a."
Arlington Heights School District 26,https://www.linkedin.com/company/arlington-heights-school-district-26
Brigham & Women's Hospital(BWH),https://www.linkedin.com/company/brigham-&-women's-hospital(bwh)
Notebook Media,https://www.linkedin.com/company/notebook-media
Fragomen,https://www.linkedin.com/company/fragomen
Earthjustice Legal Defense Fund,https://www.linkedin.com/company/earthjustice-legal-defense-fund
IDEMIA,https://www.linkedin.com/company/idemia
Mary T Inc.,https://www.linkedin.com/company/mary-t-inc.
Boston Children's Hospital,https://www.linkedin.com/company/boston-children's-hospital
Jefferson County Sheriffs,https://www.linkedin.com/company/jefferson-county-sheriffs
Vaco - Orange County,https://www.linkedin.com/company/vaco---orange-county
Randstad Talentconnect,https://www.linkedin.com/company/randstad-talentconnect
JBS USA,https://www.linkedin.com/company/jbs-usa
"City of Long Beach, CA","https://www.linkedin.com/company/city-of-long-beach,-ca"
THE UNIVERSITY OF TEXAS HEALTH SCIENCE CENTER AT SAN ANTONIO - Laredo Distant Campus,https://www.linkedin.com/company/the-university-of-texas-health-science-center-at-san-antonio---laredo-distant-campus
Elwood Staffing,https://www.linkedin.com/company/elwood-staffing
North Shore Long Island Jewish,https://www.linkedin.com/company/north-shore-long-island-jewish
California Medical Association,https://www.linkedin.com/company/california-medical-association
Belcan,https://www.linkedin.com/company/belcan
PRO Unlimited @ Facebook,https://www.linkedin.com/company/pro-unlimited-@-facebook
Maine Drilling and Blasting Inc,https://www.linkedin.com/company/maine-drilling-and-blasting-inc
Ben E Keith,https://www.linkedin.com/company/ben-e-keith
"Brown and Joseph, LLC","https://www.linkedin.com/company/brown-and-joseph,-llc"
Reef Systems,https://www.linkedin.com/company/reef-systems
Hoag,https://www.linkedin.com/company/hoag
NBBJ LP,https://www.linkedin.com/company/nbbj-lp
Hudson Pacific Properties,https://www.linkedin.com/company/hudson-pacific-properties
"Veterans Affairs, Veterans Health Administration","https://www.linkedin.com/company/veterans-affairs,-veterans-health-administration"
Optiv,https://www.linkedin.com/company/optiv
"County of Monterey, CA","https://www.linkedin.com/company/county-of-monterey,-ca"
Ebsco,https://www.linkedin.com/company/ebsco
American Academy of Periodontology,https://www.linkedin.com/company/american-academy-of-periodontology
Olivia Cooley Group at Keller Williams Realty,https://www.linkedin.com/company/olivia-cooley-group-at-keller-williams-realty
City of Raleigh North Carolina,https://www.linkedin.com/company/city-of-raleigh-north-carolina
"Infrascale, Inc.","https://www.linkedin.com/company/infrascale,-inc."
ActivTrak,https://www.linkedin.com/company/activtrak
Economical Insurance Group,https://www.linkedin.com/company/economical-insurance-group
"TTI of USA, Inc.","https://www.linkedin.com/company/tti-of-usa,-inc."
TC Harris,https://www.linkedin.com/company/tc-harris
Advantage Staffing Group,https://www.linkedin.com/company/advantage-staffing-group
Golden Malted,https://www.linkedin.com/company/golden-malted
"Vibra Healthcare, LLC","https://www.linkedin.com/company/vibra-healthcare,-llc"
Namano Inc.,https://www.linkedin.com/company/namano-inc.
"Corelis, Inc.","https://www.linkedin.com/company/corelis,-inc."
Carol Dean & Associates Inc,https://www.linkedin.com/company/carol-dean-&-associates-inc
Italian Kitchen Design,https://www.linkedin.com/company/italian-kitchen-design
Donald Connolly DDS,https://www.linkedin.com/company/donald-connolly-dds
Advanced Technology Innovation,https://www.linkedin.com/company/advanced-technology-innovation
Tenet Headquarters,https://www.linkedin.com/company/tenet-headquarters
"Dynamis, Inc","https://www.linkedin.com/company/dynamis,-inc"
Oakland County Michigan,https://www.linkedin.com/company/oakland-county-michigan
TICKETNETWORK INC,https://www.linkedin.com/company/ticketnetwork-inc
Dragomir,https://www.linkedin.com/company/dragomir
The Proven Method Inc,https://www.linkedin.com/company/the-proven-method-inc
Shondaland Inc,https://www.linkedin.com/company/shondaland-inc
"Williams-Sonoma , Inc","https://www.linkedin.com/company/williams-sonoma-,-inc"
CRH Americas Materials,https://www.linkedin.com/company/crh-americas-materials
Saint Mary's Medical Center,https://www.linkedin.com/company/saint-mary's-medical-center
Delray Medical Center,https://www.linkedin.com/company/delray-medical-center
Staff St Vincent Phy Svs,https://www.linkedin.com/company/staff-st-vincent-phy-svs
DMC Children's Hospital of Michigan,https://www.linkedin.com/company/dmc-children's-hospital-of-michigan
"Grey & Grey, LLP","https://www.linkedin.com/company/grey-&-grey,-llp"
Wickenburg USD 9,https://www.linkedin.com/company/wickenburg-usd-9
"Freed Maxick CPAs, P.C.","https://www.linkedin.com/company/freed-maxick-cpas,-p.c."
"Phoenix Technology Partners, LLC","https://www.linkedin.com/company/phoenix-technology-partners,-llc"
The Todd Group,https://www.linkedin.com/company/the-todd-group
"Dane Street, LLC","https://www.linkedin.com/company/dane-street,-llc"
"Guilford County, NC","https://www.linkedin.com/company/guilford-county,-nc"
Agate Dreams,https://www.linkedin.com/company/agate-dreams
Odin-search,https://www.linkedin.com/company/odin-search
"Easterseals-Goodwill Northern Rocky Mountain, Inc.","https://www.linkedin.com/company/easterseals-goodwill-northern-rocky-mountain,-inc."
"AAA Northern California, Nevada and Utah Insurance Exchange","https://www.linkedin.com/company/aaa-northern-california,-nevada-and-utah-insurance-exchange"
Thrivent Financial,https://www.linkedin.com/company/thrivent-financial
National Multiple Sclerosis Society,https://www.linkedin.com/company/national-multiple-sclerosis-society
"Vector Talent Resources, Inc.","https://www.linkedin.com/company/vector-talent-resources,-inc."
Dave Ramsey,https://www.linkedin.com/company/dave-ramsey
4m sport llc dba soccer shots,https://www.linkedin.com/company/4m-sport-llc-dba-soccer-shots
KCO Resource Management,https://www.linkedin.com/company/kco-resource-management
Mifflinburg School Dist.,https://www.linkedin.com/company/mifflinburg-school-dist.
Brooke Mason Creative,https://www.linkedin.com/company/brooke-mason-creative
Janis Research Company,https://www.linkedin.com/company/janis-research-company
Milton-Freewater Unified School District,https://www.linkedin.com/company/milton-freewater-unified-school-district
The Greater Cincinnati School Application Consortium,https://www.linkedin.com/company/the-greater-cincinnati-school-application-consortium
Humana Career,https://www.linkedin.com/company/humana-career
Latitude 36 Inc.,https://www.linkedin.com/company/latitude-36-inc.
FedEx Ground Careers US,https://www.linkedin.com/company/fedex-ground-careers-us
OpenHire Support Test Company,https://www.linkedin.com/company/openhire-support-test-company
SWISS POST SOLUTIONS INC,https://www.linkedin.com/company/swiss-post-solutions-inc
SDS-RX - Strategic Delivery Solutions LLC,https://www.linkedin.com/company/sds-rx---strategic-delivery-solutions-llc
Intuitive Research and Technology Corporation,https://www.linkedin.com/company/intuitive-research-and-technology-corporation
Shirley Ryan Ability Lab,https://www.linkedin.com/company/shirley-ryan-ability-lab
Symbio Global,https://www.linkedin.com/company/symbio-global
Aequor Technologies Inc,https://www.linkedin.com/company/aequor-technologies-inc
ALITA CARE,https://www.linkedin.com/company/alita-care
Gulf Coast Jewish Family & Community Services,https://www.linkedin.com/company/gulf-coast-jewish-family-&-community-services
West Virginia University Hospitals,https://www.linkedin.com/company/west-virginia-university-hospitals
Childrens Hospital of Los Angeles,https://www.linkedin.com/company/childrens-hospital-of-los-angeles
Lowes Hotels and Co,https://www.linkedin.com/company/lowes-hotels-and-co
Biond Financial,https://www.linkedin.com/company/biond-financial
Ardent Technologies Inc.,https://www.linkedin.com/company/ardent-technologies-inc.
ODU Human Resources,https://www.linkedin.com/company/odu-human-resources
EDDY'S WELDING,https://www.linkedin.com/company/eddy's-welding
San Francisco Foundation,https://www.linkedin.com/company/san-francisco-foundation
"Matrix Precise, Inc.","https://www.linkedin.com/company/matrix-precise,-inc."
"Platt College Los Angeles, LLC.","https://www.linkedin.com/company/platt-college-los-angeles,-llc."
Dellbrook | JKS,https://www.linkedin.com/company/dellbrook-|-jks
"Pixalate, Inc.","https://www.linkedin.com/company/pixalate,-inc."
Ally Financial Inc.,https://www.linkedin.com/company/ally-financial-inc.
Mantech International Corporation,https://www.linkedin.com/company/mantech-international-corporation
FIGS,https://www.linkedin.com/company/figs
"Vanguard Group Staffing, Inc.","https://www.linkedin.com/company/vanguard-group-staffing,-inc."
Global Blood Therapeutics Inc.,https://www.linkedin.com/company/global-blood-therapeutics-inc.
"Prairie Consulting Services, Inc","https://www.linkedin.com/company/prairie-consulting-services,-inc"
Sigma Allied Services Pvt Ltd,https://www.linkedin.com/company/sigma-allied-services-pvt-ltd
"KMM Technologies, Inc","https://www.linkedin.com/company/kmm-technologies,-inc"
El Dorado County Fire Protection District,https://www.linkedin.com/company/el-dorado-county-fire-protection-district
Koren Riley Executive Search,https://www.linkedin.com/company/koren-riley-executive-search
Children’s Health,https://www.linkedin.com/company/children’s-health
Sac and Fox Tribe of Iowa,https://www.linkedin.com/company/sac-and-fox-tribe-of-iowa
IICRC (Institute of Inspection Cleaning and Restoration Certification,https://www.linkedin.com/company/iicrc-(institute-of-inspection-cleaning-and-restoration-certification
Housing Authority of Spartanburg City,https://www.linkedin.com/company/housing-authority-of-spartanburg-city
MOD Pizza,https://www.linkedin.com/company/mod-pizza
Adobe Json,https://www.linkedin.com/company/adobe-json
BARCLAYS,https://www.linkedin.com/company/barclays
The Cory Lauer Group,https://www.linkedin.com/company/the-cory-lauer-group
"Pinnacle Staffing Resources, LLC.","https://www.linkedin.com/company/pinnacle-staffing-resources,-llc."
Casa Systems Inc,https://www.linkedin.com/company/casa-systems-inc
Omni Consulting Solutions,https://www.linkedin.com/company/omni-consulting-solutions
Accounting & Finance Personnel,https://www.linkedin.com/company/accounting-&-finance-personnel
Eastern Shipbuilding Group,https://www.linkedin.com/company/eastern-shipbuilding-group
Hyatt Regency Jacksonville,https://www.linkedin.com/company/hyatt-regency-jacksonville
"Sawdey Solution Services, Inc.","https://www.linkedin.com/company/sawdey-solution-services,-inc."
"TriCapital Wealth Management, Inc.","https://www.linkedin.com/company/tricapital-wealth-management,-inc."
"The Mortgage Law Firm, PLC","https://www.linkedin.com/company/the-mortgage-law-firm,-plc"
CC Auto Sales LLC,https://www.linkedin.com/company/cc-auto-sales-llc
BCI Management,https://www.linkedin.com/company/bci-management
Elite Edge Transformation Center Altoona,https://www.linkedin.com/company/elite-edge-transformation-center-altoona
"Bear-Glasgow Dental, LLC.","https://www.linkedin.com/company/bear-glasgow-dental,-llc."
Sloan's Ice Cream,https://www.linkedin.com/company/sloan's-ice-cream
Priority Artificial Lifts,https://www.linkedin.com/company/priority-artificial-lifts
Estate Planning & Admin Firm,https://www.linkedin.com/company/estate-planning-&-admin-firm
ABM Aviation,https://www.linkedin.com/company/abm-aviation
In Balance Academy,https://www.linkedin.com/company/in-balance-academy
Joseph T. Ryerson,https://www.linkedin.com/company/joseph-t.-ryerson
"Pocono Behavioral Wellness, LLC","https://www.linkedin.com/company/pocono-behavioral-wellness,-llc"
Blackstone Valley Comm,https://www.linkedin.com/company/blackstone-valley-comm
Grimmway Enterprises,https://www.linkedin.com/company/grimmway-enterprises
Ohio Health,https://www.linkedin.com/company/ohio-health
FASTSIGNS #175501,https://www.linkedin.com/company/fastsigns-#175501
"Rinchem Company, Inc.","https://www.linkedin.com/company/rinchem-company,-inc."
Future plc,https://www.linkedin.com/company/future-plc
Perry County School District #32,https://www.linkedin.com/company/perry-county-school-district-#32
Consolidated RWD#4 Shawnee Co.,https://www.linkedin.com/company/consolidated-rwd#4-shawnee-co.
MGM Studios Inc,https://www.linkedin.com/company/mgm-studios-inc
The Roman Catholic Archdiocese of Los Angeles (LA...,https://www.linkedin.com/company/the-roman-catholic-archdiocese-of-los-angeles-(la...
Zen Home Offer,https://www.linkedin.com/company/zen-home-offer
Processing & Shipping LLC,https://www.linkedin.com/company/processing-&-shipping-llc
"Garth Solutions, Inc.","https://www.linkedin.com/company/garth-solutions,-inc."
Motory Group Service Center,https://www.linkedin.com/company/motory-group-service-center
Strickland Manufacturing,https://www.linkedin.com/company/strickland-manufacturing
"Stitely & Karstetter, CPA's","https://www.linkedin.com/company/stitely-&-karstetter,-cpa's"
Campus Oral & Maxillofacial Surgery,https://www.linkedin.com/company/campus-oral-&-maxillofacial-surgery
Custom Interiors and Supply Company,https://www.linkedin.com/company/custom-interiors-and-supply-company
International Association of Iron Workers,https://www.linkedin.com/company/international-association-of-iron-workers
Resilient Oilfield Services,https://www.linkedin.com/company/resilient-oilfield-services
The Chickasaw Nation,https://www.linkedin.com/company/the-chickasaw-nation
"Jefferson - Montgomery County, PA","https://www.linkedin.com/company/jefferson---montgomery-county,-pa"
Brothers Buy Houses,https://www.linkedin.com/company/brothers-buy-houses
Coldwell Banker Paradise,https://www.linkedin.com/company/coldwell-banker-paradise
Lat40°,https://www.linkedin.com/company/lat40°
Homestead Hospice - Corporate,https://www.linkedin.com/company/homestead-hospice---corporate
Dynamic Healthcare Advisors,https://www.linkedin.com/company/dynamic-healthcare-advisors
"Team Recovery, Inc.","https://www.linkedin.com/company/team-recovery,-inc."
STARPOINT RESORT GROUP,https://www.linkedin.com/company/starpoint-resort-group
OnePoint HRO,https://www.linkedin.com/company/onepoint-hro
"Bluemont Technology & Research, Inc.","https://www.linkedin.com/company/bluemont-technology-&-research,-inc."
"Flight Services & Systems, Inc.","https://www.linkedin.com/company/flight-services-&-systems,-inc."
FXCollaborative Architects LLP,https://www.linkedin.com/company/fxcollaborative-architects-llp
Insight Environmental Engineering & Construction,https://www.linkedin.com/company/insight-environmental-engineering-&-construction
"Gilman's Custom Furniture & Cabinets, Inc.","https://www.linkedin.com/company/gilman's-custom-furniture-&-cabinets,-inc."
ACES (Autism Comprehensive Educational Services),https://www.linkedin.com/company/aces-(autism-comprehensive-educational-services)
"Classic Plumbing, Inc","https://www.linkedin.com/company/classic-plumbing,-inc"
Sport Clips - NC125,https://www.linkedin.com/company/sport-clips---nc125
Stonehill Inc,https://www.linkedin.com/company/stonehill-inc
ORPI LLC,https://www.linkedin.com/company/orpi-llc
"LAM, LLC","https://www.linkedin.com/company/lam,-llc"
BizMaids LLC,https://www.linkedin.com/company/bizmaids-llc
"Wheelers Medical Supply, LLC","https://www.linkedin.com/company/wheelers-medical-supply,-llc"
Ora services inc.,https://www.linkedin.com/company/ora-services-inc.
Worldwide Manufacturing llc,https://www.linkedin.com/company/worldwide-manufacturing-llc
"Learning and Behavioral Center, LLC","https://www.linkedin.com/company/learning-and-behavioral-center,-llc"
Worldgroup Careers MWT,https://www.linkedin.com/company/worldgroup-careers-mwt
VantagePointe Financial Group,https://www.linkedin.com/company/vantagepointe-financial-group
The Chessler Company,https://www.linkedin.com/company/the-chessler-company
We Care Provider Services LLC.,https://www.linkedin.com/company/we-care-provider-services-llc.
Willow Run Adult Family Homes,https://www.linkedin.com/company/willow-run-adult-family-homes
Gupta Development,https://www.linkedin.com/company/gupta-development
Glitzy Glitter Express LLC,https://www.linkedin.com/company/glitzy-glitter-express-llc
Office of Lala Skye,https://www.linkedin.com/company/office-of-lala-skye
Johnson & Johnson Family of Companies,https://www.linkedin.com/company/johnson-&-johnson-family-of-companies
Benton Village of Stockbridge,https://www.linkedin.com/company/benton-village-of-stockbridge
The Middletown Home,https://www.linkedin.com/company/the-middletown-home
Premier Community Healthcare,https://www.linkedin.com/company/premier-community-healthcare
Point72 Asset Management,https://www.linkedin.com/company/point72-asset-management
"Key Business Solutions, Inc.","https://www.linkedin.com/company/key-business-solutions,-inc."
Willis Engineers,https://www.linkedin.com/company/willis-engineers
"The Stuart Group at KW Premier Realty, LLC","https://www.linkedin.com/company/the-stuart-group-at-kw-premier-realty,-llc"
Higherpowernola LLC,https://www.linkedin.com/company/higherpowernola-llc
M Oppenheim,https://www.linkedin.com/company/m-oppenheim
"Captive Planning Associates, LLC","https://www.linkedin.com/company/captive-planning-associates,-llc"
Health Source MSO,https://www.linkedin.com/company/health-source-mso
Outpatient Rehab Opportunity,https://www.linkedin.com/company/outpatient-rehab-opportunity
"Park Computer Systems, Inc.","https://www.linkedin.com/company/park-computer-systems,-inc."
KLJ Transcription,https://www.linkedin.com/company/klj-transcription
"Mark Dowst & Associates, Inc.","https://www.linkedin.com/company/mark-dowst-&-associates,-inc."
"Legal Aid Bureau, Inc.","https://www.linkedin.com/company/legal-aid-bureau,-inc."
"Manufacturing Technology, Inc.","https://www.linkedin.com/company/manufacturing-technology,-inc."
"Miller Bonham, LLP","https://www.linkedin.com/company/miller-bonham,-llp"
"Sun Engineering Services, Inc.","https://www.linkedin.com/company/sun-engineering-services,-inc."
"Staffing Solutions Usa, Inc.","https://www.linkedin.com/company/staffing-solutions-usa,-inc."
SmartIT Frame,https://www.linkedin.com/company/smartit-frame
"Xperttech, Inc.","https://www.linkedin.com/company/xperttech,-inc."
"DIVERSANT, LLC.","https://www.linkedin.com/company/diversant,-llc."
ITBMS Inc.,https://www.linkedin.com/company/itbms-inc.
Genesis NGN Inc.,https://www.linkedin.com/company/genesis-ngn-inc.
Right at Home of Central Michigan,https://www.linkedin.com/company/right-at-home-of-central-michigan
E W Klein & Co,https://www.linkedin.com/company/e-w-klein-&-co
Thierry Corporation,https://www.linkedin.com/company/thierry-corporation
Whirlpool,https://www.linkedin.com/company/whirlpool
Eide Bailly,https://www.linkedin.com/company/eide-bailly
Noor Staffing,https://www.linkedin.com/company/noor-staffing
Amerihealth,https://www.linkedin.com/company/amerihealth
Fourans LLC,https://www.linkedin.com/company/fourans-llc
"SRG III, LLC dba Spencer Reed Group","https://www.linkedin.com/company/srg-iii,-llc-dba-spencer-reed-group"
Vodastra,https://www.linkedin.com/company/vodastra
Safavieh LLC,https://www.linkedin.com/company/safavieh-llc
"Anne Arundel County, MD","https://www.linkedin.com/company/anne-arundel-county,-md"
Traffic Tech Inc.,https://www.linkedin.com/company/traffic-tech-inc.
CMADC,https://www.linkedin.com/company/cmadc
Alliance Physical Therapy Partners,https://www.linkedin.com/company/alliance-physical-therapy-partners
ICL,https://www.linkedin.com/company/icl
Watson Clinic - Paylocity,https://www.linkedin.com/company/watson-clinic---paylocity
Norm Reeves,https://www.linkedin.com/company/norm-reeves
Bilfinger Industrial Services Inc.,https://www.linkedin.com/company/bilfinger-industrial-services-inc.
Rut Construction,https://www.linkedin.com/company/rut-construction
PHYSICIANS CENTRE,https://www.linkedin.com/company/physicians-centre
Sheltering Arms,https://www.linkedin.com/company/sheltering-arms
Fareportal Inc.,https://www.linkedin.com/company/fareportal-inc.
DNP - Deseret News,https://www.linkedin.com/company/dnp---deseret-news
UserTesting,https://www.linkedin.com/company/usertesting
iAnthus Capital,https://www.linkedin.com/company/ianthus-capital
Underwriters Laboratories Inc.,https://www.linkedin.com/company/underwriters-laboratories-inc.
GovHR USA,https://www.linkedin.com/company/govhr-usa
River Edge,https://www.linkedin.com/company/river-edge
BAC Local #3 NY,https://www.linkedin.com/company/bac-local-#3-ny
"4Wall Entertainment, Inc.","https://www.linkedin.com/company/4wall-entertainment,-inc."
Malak Shammas MD,https://www.linkedin.com/company/malak-shammas-md
"Emmett L. Goodman, Jr. LLC","https://www.linkedin.com/company/emmett-l.-goodman,-jr.-llc"
Delta Floors Carpet One,https://www.linkedin.com/company/delta-floors-carpet-one
Oregon Bioscience Incubator,https://www.linkedin.com/company/oregon-bioscience-incubator
Marty Gilman Inc,https://www.linkedin.com/company/marty-gilman-inc
"Red Oak Counseling, Ltd","https://www.linkedin.com/company/red-oak-counseling,-ltd"
Graf & Lewent Architects LLP,https://www.linkedin.com/company/graf-&-lewent-architects-llp
Merlin Auto Club,https://www.linkedin.com/company/merlin-auto-club
The Fifteenth Judicial Circuit Court,https://www.linkedin.com/company/the-fifteenth-judicial-circuit-court
Sieda,https://www.linkedin.com/company/sieda
Duke Realty Corp.,https://www.linkedin.com/company/duke-realty-corp.
Hoar,https://www.linkedin.com/company/hoar
"Human Services, Georgia Department of - DHS","https://www.linkedin.com/company/human-services,-georgia-department-of---dhs"
"ADS Security, LP","https://www.linkedin.com/company/ads-security,-lp"
"Frontier-Kemper Constructors, Inc.","https://www.linkedin.com/company/frontier-kemper-constructors,-inc."
EnCompass LLC,https://www.linkedin.com/company/encompass-llc
Dallas Independent School District,https://www.linkedin.com/company/dallas-independent-school-district
NCCU - North Carolina Central University,https://www.linkedin.com/company/nccu---north-carolina-central-university
"Fast Lane Travel, Inc.","https://www.linkedin.com/company/fast-lane-travel,-inc."
"TerraCap Management, LLC","https://www.linkedin.com/company/terracap-management,-llc"
"Pipeline Mechanical of Plattsburgh, LLC","https://www.linkedin.com/company/pipeline-mechanical-of-plattsburgh,-llc"
Ana Quincoces,https://www.linkedin.com/company/ana-quincoces
"Boomer Naturals, INC","https://www.linkedin.com/company/boomer-naturals,-inc"
KonMari,https://www.linkedin.com/company/konmari
"Lippert Bros., Inc.","https://www.linkedin.com/company/lippert-bros.,-inc."
"Loftware, Inc.","https://www.linkedin.com/company/loftware,-inc."
SMP Automotive Systems Alabama Inc,https://www.linkedin.com/company/smp-automotive-systems-alabama-inc
Faithful hands home care,https://www.linkedin.com/company/faithful-hands-home-care
Aquinai Home Healthcare Inc,https://www.linkedin.com/company/aquinai-home-healthcare-inc
MAGi Support Services,https://www.linkedin.com/company/magi-support-services
Amada Senior Care,https://www.linkedin.com/company/amada-senior-care
Helping Hands Home Care,https://www.linkedin.com/company/helping-hands-home-care
LeasePlan USA,https://www.linkedin.com/company/leaseplan-usa
"Installed Building Products, LLC","https://www.linkedin.com/company/installed-building-products,-llc"
Limitless Worldwide,https://www.linkedin.com/company/limitless-worldwide
Home Helpers Home Care,https://www.linkedin.com/company/home-helpers-home-care
Complete Homecare PA,https://www.linkedin.com/company/complete-homecare-pa
Georgia Living Senior Care. The Woods At Home,https://www.linkedin.com/company/georgia-living-senior-care.-the-woods-at-home
Creative Home Care Solutions,https://www.linkedin.com/company/creative-home-care-solutions
Gladding Ridge,https://www.linkedin.com/company/gladding-ridge
FirstLight Home Care of Westlake,https://www.linkedin.com/company/firstlight-home-care-of-westlake
Anglin Premier Care LLC,https://www.linkedin.com/company/anglin-premier-care-llc
ABHC,https://www.linkedin.com/company/abhc
"LivHOME, Inc.","https://www.linkedin.com/company/livhome,-inc."
Honest Home Care,https://www.linkedin.com/company/honest-home-care
"MetalQuest,Inc.","https://www.linkedin.com/company/metalquest,inc."
Sheridan Personnel Inc.,https://www.linkedin.com/company/sheridan-personnel-inc.
"Educational Enterprises, Inc.","https://www.linkedin.com/company/educational-enterprises,-inc."
CBS,https://www.linkedin.com/company/cbs
Baptist Hospital of Miami,https://www.linkedin.com/company/baptist-hospital-of-miami
Quick Funding Group,https://www.linkedin.com/company/quick-funding-group
Prince William County Government,https://www.linkedin.com/company/prince-william-county-government
Blue Cross Blue Shield of North Carolina,https://www.linkedin.com/company/blue-cross-blue-shield-of-north-carolina
UVA Medical Center,https://www.linkedin.com/company/uva-medical-center
Builders’ Hardware & Supply,https://www.linkedin.com/company/builders’-hardware-&-supply
Nestlé,https://www.linkedin.com/company/nestlé
XPO Logistics,https://www.linkedin.com/company/xpo-logistics
E Peoria Embassy Suites,https://www.linkedin.com/company/e-peoria-embassy-suites
Penguin Random House LLC,https://www.linkedin.com/company/penguin-random-house-llc
Parallon,https://www.linkedin.com/company/parallon
Cardinal Financial - Pippin Team,https://www.linkedin.com/company/cardinal-financial---pippin-team
Auden Albany,https://www.linkedin.com/company/auden-albany
EmpHire Staffing,https://www.linkedin.com/company/emphire-staffing
317 Virtual LLC,https://www.linkedin.com/company/317-virtual-llc
Nguyen Hiep P DMD,https://www.linkedin.com/company/nguyen-hiep-p-dmd
Feminist Women's Health Center,https://www.linkedin.com/company/feminist-women's-health-center
Beauty Evolution,https://www.linkedin.com/company/beauty-evolution
Edge Logistics,https://www.linkedin.com/company/edge-logistics
St. Joseph's Addiction Treatment and Recovery Cent...,https://www.linkedin.com/company/st.-joseph's-addiction-treatment-and-recovery-cent...
White Lotus Group,https://www.linkedin.com/company/white-lotus-group
B&A Food Brokers,https://www.linkedin.com/company/b&a-food-brokers
Westmont Hospitality Group-Corporate Office,https://www.linkedin.com/company/westmont-hospitality-group-corporate-office
PRISM Vision Group,https://www.linkedin.com/company/prism-vision-group
"Mink&Mink,inc","https://www.linkedin.com/company/mink&mink,inc"
Kings Grant Maintenance Association,https://www.linkedin.com/company/kings-grant-maintenance-association
Ball & Biz LLC,https://www.linkedin.com/company/ball-&-biz-llc
AdvertiseMint.com,https://www.linkedin.com/company/advertisemint.com
MRF-Maass Flange,https://www.linkedin.com/company/mrf-maass-flange
State of Washington Dept. of Labor & Industries,https://www.linkedin.com/company/state-of-washington-dept.-of-labor-&-industries
Ross Mixers,https://www.linkedin.com/company/ross-mixers
Atlantic Testing Laboratories,https://www.linkedin.com/company/atlantic-testing-laboratories
CHI-Franciscan St. Anthony Hospital,https://www.linkedin.com/company/chi-franciscan-st.-anthony-hospital
Merkle Inc.,https://www.linkedin.com/company/merkle-inc.
Seasons Living,https://www.linkedin.com/company/seasons-living
dōTERRA International,https://www.linkedin.com/company/dōterra-international
"Advanced Decision Vectors, LLC","https://www.linkedin.com/company/advanced-decision-vectors,-llc"
Social Solutions International,https://www.linkedin.com/company/social-solutions-international
Guardian HealthStaff,https://www.linkedin.com/company/guardian-healthstaff
Big Stone Therapies,https://www.linkedin.com/company/big-stone-therapies
"US Ecology, Inc.","https://www.linkedin.com/company/us-ecology,-inc."
"North Central Florida Hospice, Inc.","https://www.linkedin.com/company/north-central-florida-hospice,-inc."
Community Partners of South Florida,https://www.linkedin.com/company/community-partners-of-south-florida
"Cincinnati Area Senior Services, Inc. (CASS)","https://www.linkedin.com/company/cincinnati-area-senior-services,-inc.-(cass)"
"Bowers & Company CPAs, PLLC","https://www.linkedin.com/company/bowers-&-company-cpas,-pllc"
Aagard,https://www.linkedin.com/company/aagard
Lake Life Realty Team- Keller Williams,https://www.linkedin.com/company/lake-life-realty-team--keller-williams
Office of the Chief Financial Officer (OCFO),https://www.linkedin.com/company/office-of-the-chief-financial-officer-(ocfo)
Bos Fencing,https://www.linkedin.com/company/bos-fencing
Image 360 - Dulles,https://www.linkedin.com/company/image-360---dulles
Cape Fox Facilities Services,https://www.linkedin.com/company/cape-fox-facilities-services
"Jefferies & Company, Inc.","https://www.linkedin.com/company/jefferies-&-company,-inc."
State of Iowa Talent Gateway,https://www.linkedin.com/company/state-of-iowa-talent-gateway
Hadassah Women's Zionist,https://www.linkedin.com/company/hadassah-women's-zionist
Cobb & Douglas Public Health,https://www.linkedin.com/company/cobb-&-douglas-public-health
Maritime Alaska,https://www.linkedin.com/company/maritime-alaska
Sullivan County New Hampshire,https://www.linkedin.com/company/sullivan-county-new-hampshire
Blackbuck Resources,https://www.linkedin.com/company/blackbuck-resources
Properties by Leah (Compass Real Estate),https://www.linkedin.com/company/properties-by-leah-(compass-real-estate)
Etrucking and Services Inc,https://www.linkedin.com/company/etrucking-and-services-inc
"HRNC, LLC","https://www.linkedin.com/company/hrnc,-llc"
Silver Leaf in-Home Care,https://www.linkedin.com/company/silver-leaf-in-home-care
West side progroom & much more,https://www.linkedin.com/company/west-side-progroom-&-much-more
Westbrook Inc.,https://www.linkedin.com/company/westbrook-inc.
Claiborne Senior Living,https://www.linkedin.com/company/claiborne-senior-living
"The Healing Center, LLC","https://www.linkedin.com/company/the-healing-center,-llc"
Apple Creek Adult Family Homes,https://www.linkedin.com/company/apple-creek-adult-family-homes
"FROM, The Digital Transformation Agency","https://www.linkedin.com/company/from,-the-digital-transformation-agency"
Deep Blue Retina,https://www.linkedin.com/company/deep-blue-retina
The Woods at Home,https://www.linkedin.com/company/the-woods-at-home
Karen's Caregivers,https://www.linkedin.com/company/karen's-caregivers
Millers adult foster care homes,https://www.linkedin.com/company/millers-adult-foster-care-homes
Signature Health Inc,https://www.linkedin.com/company/signature-health-inc
Henna Shoppe,https://www.linkedin.com/company/henna-shoppe
Four Futures LLC,https://www.linkedin.com/company/four-futures-llc
"FirstLight HomeCare of Roswell, GA","https://www.linkedin.com/company/firstlight-homecare-of-roswell,-ga"
Trent Lewis - State Farm Agent,https://www.linkedin.com/company/trent-lewis---state-farm-agent
Huntington Bank,https://www.linkedin.com/company/huntington-bank
"BenSoleimani.com, Inc.","https://www.linkedin.com/company/bensoleimani.com,-inc."
Visit Aurora Inc,https://www.linkedin.com/company/visit-aurora-inc
"Zenlayer, Inc","https://www.linkedin.com/company/zenlayer,-inc"
Valiance Capital,https://www.linkedin.com/company/valiance-capital
Logdotzip,https://www.linkedin.com/company/logdotzip
J. Thomas Hunn Attorney at Law,https://www.linkedin.com/company/j.-thomas-hunn-attorney-at-law
MA3X- IT SECURITY SOLUTIONS,https://www.linkedin.com/company/ma3x--it-security-solutions
Bright Haven Christian Learning Center,https://www.linkedin.com/company/bright-haven-christian-learning-center
M. Abraham Floor Covering,https://www.linkedin.com/company/m.-abraham-floor-covering
"Goosmann Rose Colvard & Cramer, P.A.","https://www.linkedin.com/company/goosmann-rose-colvard-&-cramer,-p.a."
"Green Granite, LLC","https://www.linkedin.com/company/green-granite,-llc"
Elevated Eyecare,https://www.linkedin.com/company/elevated-eyecare
"Format USA, Inc.","https://www.linkedin.com/company/format-usa,-inc."
American Liberty Law Group,https://www.linkedin.com/company/american-liberty-law-group
Angela Chen LLC,https://www.linkedin.com/company/angela-chen-llc
Lakefront Inn & Motel,https://www.linkedin.com/company/lakefront-inn-&-motel
"Icicle Seafoods, Inc.","https://www.linkedin.com/company/icicle-seafoods,-inc."
Coneco Engineers & Scientists,https://www.linkedin.com/company/coneco-engineers-&-scientists
"S4 Water Sales & Service, LLC","https://www.linkedin.com/company/s4-water-sales-&-service,-llc"
Railcar Co,https://www.linkedin.com/company/railcar-co
"FMA Alliance, Ltd","https://www.linkedin.com/company/fma-alliance,-ltd"
Fox Charlevoix (GM & Chrysler),https://www.linkedin.com/company/fox-charlevoix-(gm-&-chrysler)
Pietrasiuk Kelley & Kelley PC,https://www.linkedin.com/company/pietrasiuk-kelley-&-kelley-pc
Peachtree Centre,https://www.linkedin.com/company/peachtree-centre
"A-1 Landscaping and Construction, Inc.","https://www.linkedin.com/company/a-1-landscaping-and-construction,-inc."
Compass Group USA,https://www.linkedin.com/company/compass-group-usa
Marcus Hotels - Milwaukee Area,https://www.linkedin.com/company/marcus-hotels---milwaukee-area
Advent Medical Group-Alternative Behavioral care,https://www.linkedin.com/company/advent-medical-group-alternative-behavioral-care
Greenway Automotive Group,https://www.linkedin.com/company/greenway-automotive-group
Master Service Companies,https://www.linkedin.com/company/master-service-companies
Holiday Inn Club Vacations,https://www.linkedin.com/company/holiday-inn-club-vacations
Gulf Coast Endoscopy Center of Venice LLC,https://www.linkedin.com/company/gulf-coast-endoscopy-center-of-venice-llc
Juneau Construction Company LLC,https://www.linkedin.com/company/juneau-construction-company-llc
Victory World Church Inc,https://www.linkedin.com/company/victory-world-church-inc
"Ryan, LLC","https://www.linkedin.com/company/ryan,-llc"
"Constantin Film Development, Inc.","https://www.linkedin.com/company/constantin-film-development,-inc."
Stonewalk Center for Family Dentistry,https://www.linkedin.com/company/stonewalk-center-for-family-dentistry
Comtec Incorporated,https://www.linkedin.com/company/comtec-incorporated
HeartPrint Home Care,https://www.linkedin.com/company/heartprint-home-care
Hoban USA,https://www.linkedin.com/company/hoban-usa
Advertising & Management,https://www.linkedin.com/company/advertising-&-management
Direct Care Battle Ground,https://www.linkedin.com/company/direct-care-battle-ground
Lunchskins,https://www.linkedin.com/company/lunchskins
Hyatt Regency John Wayne Airport Newport Beach,https://www.linkedin.com/company/hyatt-regency-john-wayne-airport-newport-beach
T&L Automatics,https://www.linkedin.com/company/t&l-automatics
University of Massachusetts Boston,https://www.linkedin.com/company/university-of-massachusetts-boston
"Tri-Vin Imports, Inc","https://www.linkedin.com/company/tri-vin-imports,-inc"
"Jewish Family & Career Services of Atlanta, Inc","https://www.linkedin.com/company/jewish-family-&-career-services-of-atlanta,-inc"
"Skrupa Law Office, LLC","https://www.linkedin.com/company/skrupa-law-office,-llc"
7 Seas Sourcing,https://www.linkedin.com/company/7-seas-sourcing
Homage Senior Services,https://www.linkedin.com/company/homage-senior-services
"HydroGeoLogic, Inc","https://www.linkedin.com/company/hydrogeologic,-inc"
Oak Park Nursing and Rehabilitation Center,https://www.linkedin.com/company/oak-park-nursing-and-rehabilitation-center
"MiraMed Global Services, Inc. and Affiliates","https://www.linkedin.com/company/miramed-global-services,-inc.-and-affiliates"
Brooklyn College Preparatory Center,https://www.linkedin.com/company/brooklyn-college-preparatory-center
"PK Kelley Insurance Agency, LLC","https://www.linkedin.com/company/pk-kelley-insurance-agency,-llc"
Branch-Hillsdale-St.Joseph Community Health Agency,https://www.linkedin.com/company/branch-hillsdale-st.joseph-community-health-agency
Falcon Retail Services,https://www.linkedin.com/company/falcon-retail-services
"The Compound, LLC","https://www.linkedin.com/company/the-compound,-llc"
"Rebellion Pest Defense, LLC","https://www.linkedin.com/company/rebellion-pest-defense,-llc"
STAFF TODAY INC,https://www.linkedin.com/company/staff-today-inc
"Alternate Energy, Inc.","https://www.linkedin.com/company/alternate-energy,-inc."
"FAMILIES FIRST OF FLORIDA, LLC","https://www.linkedin.com/company/families-first-of-florida,-llc"
J & J VENTURES INC,https://www.linkedin.com/company/j-&-j-ventures-inc
"New Life of New York City, Inc.","https://www.linkedin.com/company/new-life-of-new-york-city,-inc."
All Out Event Rental,https://www.linkedin.com/company/all-out-event-rental
Stony Brook Medicine University Physicians,https://www.linkedin.com/company/stony-brook-medicine-university-physicians
University of California San Francisco,https://www.linkedin.com/company/university-of-california-san-francisco
"PEOPLEASE, LLC","https://www.linkedin.com/company/peoplease,-llc"
Arthur M. Glick JCC of Indianapolis,https://www.linkedin.com/company/arthur-m.-glick-jcc-of-indianapolis
"Ginsberg Shulman, PL","https://www.linkedin.com/company/ginsberg-shulman,-pl"
"GAP Solutions, Inc.","https://www.linkedin.com/company/gap-solutions,-inc."
Ewing Marion Kauffman Foundation,https://www.linkedin.com/company/ewing-marion-kauffman-foundation
Shane Vigil,https://www.linkedin.com/company/shane-vigil
Illustrious Appliance,https://www.linkedin.com/company/illustrious-appliance
Pure Fotografica,https://www.linkedin.com/company/pure-fotografica
"Lifeline Healthcare Services, Inc","https://www.linkedin.com/company/lifeline-healthcare-services,-inc"
Always Best Care Senior Services - Greater Nashvil...,https://www.linkedin.com/company/always-best-care-senior-services---greater-nashvil...
Seniors Choice Home Care LLC.,https://www.linkedin.com/company/seniors-choice-home-care-llc.
STRIDE Community Health Center,https://www.linkedin.com/company/stride-community-health-center
"Interface, Inc.","https://www.linkedin.com/company/interface,-inc."
"A1 CPR AND FIRST AID TRAINING, LLC","https://www.linkedin.com/company/a1-cpr-and-first-aid-training,-llc"
CoWest Transportation,https://www.linkedin.com/company/cowest-transportation
Sport Clips - Stylist - MO203,https://www.linkedin.com/company/sport-clips---stylist---mo203
Sport Clips - Stylist - MO202,https://www.linkedin.com/company/sport-clips---stylist---mo202
Enstyle Boutique,https://www.linkedin.com/company/enstyle-boutique
McDonald's Raleigh,https://www.linkedin.com/company/mcdonald's-raleigh
Sprenger Health Care Systems,https://www.linkedin.com/company/sprenger-health-care-systems
"Flo-Tron, Inc.","https://www.linkedin.com/company/flo-tron,-inc."
Yarco Company Inc.,https://www.linkedin.com/company/yarco-company-inc.
"Bardsley, Benedict + Cholden","https://www.linkedin.com/company/bardsley,-benedict-+-cholden"
"Medlink Georgia, Inc.","https://www.linkedin.com/company/medlink-georgia,-inc."
The Batt School,https://www.linkedin.com/company/the-batt-school
"Ward ENG Support Services, INC.","https://www.linkedin.com/company/ward-eng-support-services,-inc."
Universal Home Protection,https://www.linkedin.com/company/universal-home-protection
Station Glo of New England,https://www.linkedin.com/company/station-glo-of-new-england
Spa Tech Institute,https://www.linkedin.com/company/spa-tech-institute
Casa de los Niños Inc,https://www.linkedin.com/company/casa-de-los-niños-inc
Home Collections by Raghu,https://www.linkedin.com/company/home-collections-by-raghu
Power Of Our Sun,https://www.linkedin.com/company/power-of-our-sun
"C-Suite Integrated Services, LLC","https://www.linkedin.com/company/c-suite-integrated-services,-llc"
"CZS Property Management, LLC","https://www.linkedin.com/company/czs-property-management,-llc"
"Utex Industries, Inc.","https://www.linkedin.com/company/utex-industries,-inc."
CJ Jorgenson LLC,https://www.linkedin.com/company/cj-jorgenson-llc
Industrial Diecast Design,https://www.linkedin.com/company/industrial-diecast-design
Collegiate Storage and Rental,https://www.linkedin.com/company/collegiate-storage-and-rental
ASM Affiliates,https://www.linkedin.com/company/asm-affiliates
Insight Billing,https://www.linkedin.com/company/insight-billing
Habitat for Humanity of Berkeley County,https://www.linkedin.com/company/habitat-for-humanity-of-berkeley-county
Six Flags Splashtown - Houston,https://www.linkedin.com/company/six-flags-splashtown---houston
"County of Richland, SC","https://www.linkedin.com/company/county-of-richland,-sc"
Virginia Dept of Social Services - Local,https://www.linkedin.com/company/virginia-dept-of-social-services---local
Stivers Chevrolet,https://www.linkedin.com/company/stivers-chevrolet
Deacon Jones GM,https://www.linkedin.com/company/deacon-jones-gm
ELLIOTT PAINT CO. INC.,https://www.linkedin.com/company/elliott-paint-co.-inc.
Software Specialists,https://www.linkedin.com/company/software-specialists
EPIC Brokers,https://www.linkedin.com/company/epic-brokers
Biopharma Consulting Services,https://www.linkedin.com/company/biopharma-consulting-services
Centric Business Systems,https://www.linkedin.com/company/centric-business-systems
Burkmann Industries,https://www.linkedin.com/company/burkmann-industries
"Moulison, LLC","https://www.linkedin.com/company/moulison,-llc"
"Town of New Castle, NH","https://www.linkedin.com/company/town-of-new-castle,-nh"
"Smith & Flowers Law, P.C.","https://www.linkedin.com/company/smith-&-flowers-law,-p.c."
"TH Solutions,LLC","https://www.linkedin.com/company/th-solutions,llc"
SnapDivorce LLC,https://www.linkedin.com/company/snapdivorce-llc
"GC Realty & Development, LLC","https://www.linkedin.com/company/gc-realty-&-development,-llc"
Kalaty Rug,https://www.linkedin.com/company/kalaty-rug
Precision Tube Laser,https://www.linkedin.com/company/precision-tube-laser
DEFALCO & CO CERTIFIED PUBLIC ACCOU,https://www.linkedin.com/company/defalco-&-co-certified-public-accou
"Riggs Distler & Company, Inc.","https://www.linkedin.com/company/riggs-distler-&-company,-inc."
TruCraft Contracting LLC,https://www.linkedin.com/company/trucraft-contracting-llc
"City of Norfolk, VA","https://www.linkedin.com/company/city-of-norfolk,-va"
The University of Mississippi,https://www.linkedin.com/company/the-university-of-mississippi
Springfield Courtyard,https://www.linkedin.com/company/springfield-courtyard
"UGI Utilities, Inc","https://www.linkedin.com/company/ugi-utilities,-inc"
InstallNET International,https://www.linkedin.com/company/installnet-international
Harrisburg Area Community College,https://www.linkedin.com/company/harrisburg-area-community-college
University of South Florida,https://www.linkedin.com/company/university-of-south-florida
Northwest Medical Ctr - Bentonville,https://www.linkedin.com/company/northwest-medical-ctr---bentonville
Kaufman Music Center,https://www.linkedin.com/company/kaufman-music-center
"Behavioral Health and Developmental Disabilities,...","https://www.linkedin.com/company/behavioral-health-and-developmental-disabilities,..."
Yeadon Borough,https://www.linkedin.com/company/yeadon-borough
LG&E and KU Energy,https://www.linkedin.com/company/lg&e-and-ku-energy
Cook County Offices Under the President,https://www.linkedin.com/company/cook-county-offices-under-the-president
"Transcore, LP","https://www.linkedin.com/company/transcore,-lp"
The University of Kansas Medical Center,https://www.linkedin.com/company/the-university-of-kansas-medical-center
"Jefferson - Center City, Philadelphia, PA","https://www.linkedin.com/company/jefferson---center-city,-philadelphia,-pa"
"Town of Falmouth, MA","https://www.linkedin.com/company/town-of-falmouth,-ma"
Exelixis Inc.,https://www.linkedin.com/company/exelixis-inc.
Western Michigan University,https://www.linkedin.com/company/western-michigan-university
"FYI — For Your Information, Inc.","https://www.linkedin.com/company/fyi-—-for-your-information,-inc."
Lending Hands Virtual Support,https://www.linkedin.com/company/lending-hands-virtual-support
Foley Hoag,https://www.linkedin.com/company/foley-hoag
Sport Clips - Manager - MI703,https://www.linkedin.com/company/sport-clips---manager---mi703
Sport Clips - AL505,https://www.linkedin.com/company/sport-clips---al505
Sport Clips - Stylist - MI703,https://www.linkedin.com/company/sport-clips---stylist---mi703
Sport Clips - MN147,https://www.linkedin.com/company/sport-clips---mn147
American Custom Yachts,https://www.linkedin.com/company/american-custom-yachts
"Roanoke County, VA","https://www.linkedin.com/company/roanoke-county,-va"
"City of Danville, VA","https://www.linkedin.com/company/city-of-danville,-va"
Chugach Alaska Services,https://www.linkedin.com/company/chugach-alaska-services
The Estée Lauder Companies,https://www.linkedin.com/company/the-estée-lauder-companies
The Douglaston Companies,https://www.linkedin.com/company/the-douglaston-companies
Virgin Islands Water & Power Authority,https://www.linkedin.com/company/virgin-islands-water-&-power-authority
DawningDays Caring,https://www.linkedin.com/company/dawningdays-caring
WiCare Home Care Agency,https://www.linkedin.com/company/wicare-home-care-agency
"Watkins Security, LLC","https://www.linkedin.com/company/watkins-security,-llc"
Bid Blab Inc.,https://www.linkedin.com/company/bid-blab-inc.
Ariens Company,https://www.linkedin.com/company/ariens-company
Groupe Optimum Inc.,https://www.linkedin.com/company/groupe-optimum-inc.
Chase Brexton Health Services,https://www.linkedin.com/company/chase-brexton-health-services
"State, Department of","https://www.linkedin.com/company/state,-department-of"
Northern Rivers Family of Services,https://www.linkedin.com/company/northern-rivers-family-of-services
"North Country Business Products, Inc.","https://www.linkedin.com/company/north-country-business-products,-inc."
Elementis Global,https://www.linkedin.com/company/elementis-global
Atrium Health,https://www.linkedin.com/company/atrium-health
WV Department of Agriculture,https://www.linkedin.com/company/wv-department-of-agriculture
"City of Rochester, MN","https://www.linkedin.com/company/city-of-rochester,-mn"
The University of Pittsburgh,https://www.linkedin.com/company/the-university-of-pittsburgh
Curated Content LTD,https://www.linkedin.com/company/curated-content-ltd
"Pave-Tec, Inc.","https://www.linkedin.com/company/pave-tec,-inc."
Auberge at Missoula Valley,https://www.linkedin.com/company/auberge-at-missoula-valley
Origins Home Health Care Inc,https://www.linkedin.com/company/origins-home-health-care-inc
Ohio Gastroenterology & Liver Institute,https://www.linkedin.com/company/ohio-gastroenterology-&-liver-institute
The Rich Barber,https://www.linkedin.com/company/the-rich-barber
Asset Track GPS,https://www.linkedin.com/company/asset-track-gps
Samsung Research America,https://www.linkedin.com/company/samsung-research-america
Sovereign Quest Trust,https://www.linkedin.com/company/sovereign-quest-trust
"ArcherOak Holdings, LLC","https://www.linkedin.com/company/archeroak-holdings,-llc"
"Neiger Consulting, LLC","https://www.linkedin.com/company/neiger-consulting,-llc"
IMAGELIFT,https://www.linkedin.com/company/imagelift
"Superior Concierge Care, LLC","https://www.linkedin.com/company/superior-concierge-care,-llc"
Two Chicks in the Backroom Inc.,https://www.linkedin.com/company/two-chicks-in-the-backroom-inc.
Heavenly Care Services,https://www.linkedin.com/company/heavenly-care-services
Inventus Solutions UK Ltd,https://www.linkedin.com/company/inventus-solutions-uk-ltd
St. Joseph's Health,https://www.linkedin.com/company/st.-joseph's-health
"WesTech Engineering, Inc","https://www.linkedin.com/company/westech-engineering,-inc"
Coldwell Banker The Real Estate Group,https://www.linkedin.com/company/coldwell-banker-the-real-estate-group
Ann & Robert H. Lurie Children’s Hospital of Chica...,https://www.linkedin.com/company/ann-&-robert-h.-lurie-children’s-hospital-of-chica...
Keystone Community Resource,https://www.linkedin.com/company/keystone-community-resource
"University of Nevada, Reno","https://www.linkedin.com/company/university-of-nevada,-reno"
"Shell Oil | truenorth Energy, LLC","https://www.linkedin.com/company/shell-oil-|-truenorth-energy,-llc"
"CALIBRE Systems, Inc.","https://www.linkedin.com/company/calibre-systems,-inc."
"Terp Services, S Corp.","https://www.linkedin.com/company/terp-services,-s-corp."
"ALWAYS THERE HOMECARE,INC","https://www.linkedin.com/company/always-there-homecare,inc"
EMSP FX,https://www.linkedin.com/company/emsp-fx
Buckhead Real Estate,https://www.linkedin.com/company/buckhead-real-estate
"Midstate Independent Living Choices, Inc (MILC)","https://www.linkedin.com/company/midstate-independent-living-choices,-inc-(milc)"
Shaffer Household,https://www.linkedin.com/company/shaffer-household
Caring for People Lincoln,https://www.linkedin.com/company/caring-for-people-lincoln
Elk Creek Home Care,https://www.linkedin.com/company/elk-creek-home-care
"A-1 Insurance Direct, Inc.","https://www.linkedin.com/company/a-1-insurance-direct,-inc."
"NEURO CARE, INC.","https://www.linkedin.com/company/neuro-care,-inc."
Youth Consultation Service (YCS),https://www.linkedin.com/company/youth-consultation-service-(ycs)
Hematology and Oncology Associates of Northeastern...,https://www.linkedin.com/company/hematology-and-oncology-associates-of-northeastern...
"KeHE Distributors, LLC","https://www.linkedin.com/company/kehe-distributors,-llc"
NFP Corp,https://www.linkedin.com/company/nfp-corp
Williams-Sonoma-Supply Chain,https://www.linkedin.com/company/williams-sonoma-supply-chain
Granite Construction Inc,https://www.linkedin.com/company/granite-construction-inc
Space Virtual Reality,https://www.linkedin.com/company/space-virtual-reality
Marcel Dore - State Farm Agent,https://www.linkedin.com/company/marcel-dore---state-farm-agent
Dealer Spike,https://www.linkedin.com/company/dealer-spike
GE Aviation,https://www.linkedin.com/company/ge-aviation
Nexstar Broadcasting,https://www.linkedin.com/company/nexstar-broadcasting
Bond Vet,https://www.linkedin.com/company/bond-vet
Tennessee Valley Authority,https://www.linkedin.com/company/tennessee-valley-authority
Saint Vincent de Paul of Baltimore,https://www.linkedin.com/company/saint-vincent-de-paul-of-baltimore
Hoffman Car Wash Inc.,https://www.linkedin.com/company/hoffman-car-wash-inc.
edjuster Inc.,https://www.linkedin.com/company/edjuster-inc.
Pumpcrete America,https://www.linkedin.com/company/pumpcrete-america
L2 Aviation,https://www.linkedin.com/company/l2-aviation
Home Rule LLC,https://www.linkedin.com/company/home-rule-llc
Family New Life Rehabilitation,https://www.linkedin.com/company/family-new-life-rehabilitation
"Front Range Landscape and Nursery, Inc","https://www.linkedin.com/company/front-range-landscape-and-nursery,-inc"
"Herbal Brands, Inc.","https://www.linkedin.com/company/herbal-brands,-inc."
"D.E.S. Solutions, Inc.","https://www.linkedin.com/company/d.e.s.-solutions,-inc."
West Virginia Investment Management Board,https://www.linkedin.com/company/west-virginia-investment-management-board
Apex Clean Air,https://www.linkedin.com/company/apex-clean-air
"Gardens by Barbara Conolly, Inc.","https://www.linkedin.com/company/gardens-by-barbara-conolly,-inc."
Deery Brothers of Dubuque,https://www.linkedin.com/company/deery-brothers-of-dubuque
Banton Construction Company,https://www.linkedin.com/company/banton-construction-company
Federal Bureau of Investigation,https://www.linkedin.com/company/federal-bureau-of-investigation
State of Ohio Jobs,https://www.linkedin.com/company/state-of-ohio-jobs
Be The Match,https://www.linkedin.com/company/be-the-match
"Rackley Roofing Company, Inc.","https://www.linkedin.com/company/rackley-roofing-company,-inc."
Joseph J. Albanese,https://www.linkedin.com/company/joseph-j.-albanese
Ethika Inc,https://www.linkedin.com/company/ethika-inc
Lake Chelan Community Hospital & Clinics,https://www.linkedin.com/company/lake-chelan-community-hospital-&-clinics
"Clark County, NV","https://www.linkedin.com/company/clark-county,-nv"
Luminator Technology Group,https://www.linkedin.com/company/luminator-technology-group
IU Health Arnett-Greenbush,https://www.linkedin.com/company/iu-health-arnett-greenbush
"National Vision, Inc.","https://www.linkedin.com/company/national-vision,-inc."
"Trident Technologies and Consulting - Global, LLC...","https://www.linkedin.com/company/trident-technologies-and-consulting---global,-llc..."
Vail Health,https://www.linkedin.com/company/vail-health
Cummins Inc.,https://www.linkedin.com/company/cummins-inc.
"D. E. Shaw & Co., L.P.","https://www.linkedin.com/company/d.-e.-shaw-&-co.,-l.p."
Hartford Steam Boiler,https://www.linkedin.com/company/hartford-steam-boiler
"Town of Mansfield, CT","https://www.linkedin.com/company/town-of-mansfield,-ct"
"Solace Behavioral Health, LLC","https://www.linkedin.com/company/solace-behavioral-health,-llc"
Denise Payne Real Estate Team - Weichert Realtors...,https://www.linkedin.com/company/denise-payne-real-estate-team---weichert-realtors...
Support Our Aging Religious (SOAR!),https://www.linkedin.com/company/support-our-aging-religious-(soar!)
J. Diamond and Associates,https://www.linkedin.com/company/j.-diamond-and-associates
Senkox Technologies Inc,https://www.linkedin.com/company/senkox-technologies-inc
Premier Wealth Partners - Ameriprise Financial,https://www.linkedin.com/company/premier-wealth-partners---ameriprise-financial
"Peking Handicraft, Inc.","https://www.linkedin.com/company/peking-handicraft,-inc."
Eye Center of Northern Colorado,https://www.linkedin.com/company/eye-center-of-northern-colorado
"Tax Favored Benefits, Inc.","https://www.linkedin.com/company/tax-favored-benefits,-inc."
TeamsNYC,https://www.linkedin.com/company/teamsnyc
KCME and Jazz 93.5,https://www.linkedin.com/company/kcme-and-jazz-93.5
Stony Brook Clinical Practice Mgmt Plan,https://www.linkedin.com/company/stony-brook-clinical-practice-mgmt-plan
"Seacrest Services Inc,","https://www.linkedin.com/company/seacrest-services-inc,"
"Silicon Valley Microelectronics, Inc.","https://www.linkedin.com/company/silicon-valley-microelectronics,-inc."
Charger Logistics,https://www.linkedin.com/company/charger-logistics
International Federation for Peace and Sustainable...,https://www.linkedin.com/company/international-federation-for-peace-and-sustainable...
Legacy Health and Wellness,https://www.linkedin.com/company/legacy-health-and-wellness
Nevada State Board of Physical Therapy,https://www.linkedin.com/company/nevada-state-board-of-physical-therapy
"Douglas Emmett Management, LLC","https://www.linkedin.com/company/douglas-emmett-management,-llc"
"S&K Technologies, Inc.","https://www.linkedin.com/company/s&k-technologies,-inc."
Defiance College,https://www.linkedin.com/company/defiance-college
IKS Health,https://www.linkedin.com/company/iks-health
Television Academy,https://www.linkedin.com/company/television-academy
Le Reve Real Estate,https://www.linkedin.com/company/le-reve-real-estate
"CJ America, Inc.","https://www.linkedin.com/company/cj-america,-inc."
Coco and Main,https://www.linkedin.com/company/coco-and-main
W Commercial,https://www.linkedin.com/company/w-commercial
Barcom Security,https://www.linkedin.com/company/barcom-security
"Pius Kitchen & Bath, Inc.","https://www.linkedin.com/company/pius-kitchen-&-bath,-inc."
Cass County Government,https://www.linkedin.com/company/cass-county-government
"Culture Index, LLC","https://www.linkedin.com/company/culture-index,-llc"
The Smarter Merchant,https://www.linkedin.com/company/the-smarter-merchant
Adam Hergenrother Companies,https://www.linkedin.com/company/adam-hergenrother-companies
"Be Well Primary Health Care Center, LLC","https://www.linkedin.com/company/be-well-primary-health-care-center,-llc"
Pelican Pointe Assisted Living and Memory Care,https://www.linkedin.com/company/pelican-pointe-assisted-living-and-memory-care
Office of Public Advocacy,https://www.linkedin.com/company/office-of-public-advocacy
"Jim Rutledge, DDS","https://www.linkedin.com/company/jim-rutledge,-dds"
"DGR Management, LLC","https://www.linkedin.com/company/dgr-management,-llc"
Charleston Window Films,https://www.linkedin.com/company/charleston-window-films
Waterbury Neurology,https://www.linkedin.com/company/waterbury-neurology
Howard Hanna Heritage Real Estate,https://www.linkedin.com/company/howard-hanna-heritage-real-estate
Brown & Brown Insurance,https://www.linkedin.com/company/brown-&-brown-insurance
Premier Pools & Spas,https://www.linkedin.com/company/premier-pools-&-spas
CDK Global,https://www.linkedin.com/company/cdk-global
"Encoretech, Inc.","https://www.linkedin.com/company/encoretech,-inc."
"jD LAW, P.C.","https://www.linkedin.com/company/jd-law,-p.c."
Sedgwick County,https://www.linkedin.com/company/sedgwick-county
Carteret County Public Schools,https://www.linkedin.com/company/carteret-county-public-schools
K12 Services,https://www.linkedin.com/company/k12-services
"University of Maryland, Baltimore","https://www.linkedin.com/company/university-of-maryland,-baltimore"
Anchorage Native Community Council,https://www.linkedin.com/company/anchorage-native-community-council
Bay Area Fence & Deck,https://www.linkedin.com/company/bay-area-fence-&-deck
"Alan B. Douglas, CPA","https://www.linkedin.com/company/alan-b.-douglas,-cpa"
Western Way Termite Services,https://www.linkedin.com/company/western-way-termite-services
"H5 Construction, LLC","https://www.linkedin.com/company/h5-construction,-llc"
Carr Talent Acquisition,https://www.linkedin.com/company/carr-talent-acquisition
"All Quality & Services, Inc","https://www.linkedin.com/company/all-quality-&-services,-inc"
Parker and Parker Art (PaPA),https://www.linkedin.com/company/parker-and-parker-art-(papa)
The Chernov Team,https://www.linkedin.com/company/the-chernov-team
Duke's Root Control,https://www.linkedin.com/company/duke's-root-control
AirGanic,https://www.linkedin.com/company/airganic
"Built To Perfection, Inc.","https://www.linkedin.com/company/built-to-perfection,-inc."
"Pari Enterprises, Inc.","https://www.linkedin.com/company/pari-enterprises,-inc."
Saint Laurent Official(YSL),https://www.linkedin.com/company/saint-laurent-official(ysl)
Bernardo & Associates,https://www.linkedin.com/company/bernardo-&-associates
The Cothron Group,https://www.linkedin.com/company/the-cothron-group
Path Construction,https://www.linkedin.com/company/path-construction
Willis Counseling & Consulting,https://www.linkedin.com/company/willis-counseling-&-consulting
West One Capital Group Inc.,https://www.linkedin.com/company/west-one-capital-group-inc.
WithumSmith+Brown,https://www.linkedin.com/company/withumsmith+brown
Primrose School of Reston,https://www.linkedin.com/company/primrose-school-of-reston
Mobile Instrument Service & Repair,https://www.linkedin.com/company/mobile-instrument-service-&-repair
AMADA SENIOR CARE,https://www.linkedin.com/company/amada-senior-care
"Bauer & Associates, Attorneys at Law","https://www.linkedin.com/company/bauer-&-associates,-attorneys-at-law"
Cleary Building Corp.,https://www.linkedin.com/company/cleary-building-corp.
New York Ophthalmology,https://www.linkedin.com/company/new-york-ophthalmology
Bernardi Acura of Boston,https://www.linkedin.com/company/bernardi-acura-of-boston
Easton Arts Academy Elementary Charter School,https://www.linkedin.com/company/easton-arts-academy-elementary-charter-school
"Palmetto Internal Medicine & Primary Care, PA","https://www.linkedin.com/company/palmetto-internal-medicine-&-primary-care,-pa"
Lakarya,https://www.linkedin.com/company/lakarya
"B&B Air Conditioning & Heating Service Co., Inc.","https://www.linkedin.com/company/b&b-air-conditioning-&-heating-service-co.,-inc."
A2Z Smile Care Inc,https://www.linkedin.com/company/a2z-smile-care-inc
Keller Interiors LLC,https://www.linkedin.com/company/keller-interiors-llc
"Color Your World, Ltd.","https://www.linkedin.com/company/color-your-world,-ltd."
The Candleberry Company,https://www.linkedin.com/company/the-candleberry-company
The Melrose Management Partnership,https://www.linkedin.com/company/the-melrose-management-partnership
"Matrix Pulmonary, P.A.","https://www.linkedin.com/company/matrix-pulmonary,-p.a."
Napleton Indiana,https://www.linkedin.com/company/napleton-indiana
Serco North America,https://www.linkedin.com/company/serco-north-america
Donor Network West,https://www.linkedin.com/company/donor-network-west
RC Willey,https://www.linkedin.com/company/rc-willey
Spelman College,https://www.linkedin.com/company/spelman-college
Rutgers University,https://www.linkedin.com/company/rutgers-university
"Applied Research Associates, Inc","https://www.linkedin.com/company/applied-research-associates,-inc"
Zenetex LLC,https://www.linkedin.com/company/zenetex-llc
"ExtraHop Networks, Inc.","https://www.linkedin.com/company/extrahop-networks,-inc."
SP Plus Corporation,https://www.linkedin.com/company/sp-plus-corporation
Childrens Home Society of Florida,https://www.linkedin.com/company/childrens-home-society-of-florida
Minnesota Parks and Recreation,https://www.linkedin.com/company/minnesota-parks-and-recreation
Knowesis Inc.,https://www.linkedin.com/company/knowesis-inc.
Fishbeck,https://www.linkedin.com/company/fishbeck
Park of Sierra Pointe,https://www.linkedin.com/company/park-of-sierra-pointe
Guild Mortgage,https://www.linkedin.com/company/guild-mortgage
"Cotiviti, Inc.","https://www.linkedin.com/company/cotiviti,-inc."
VERSALUS HEALTH,https://www.linkedin.com/company/versalus-health
"CARTI, Inc.","https://www.linkedin.com/company/carti,-inc."
Centner Academy,https://www.linkedin.com/company/centner-academy
Backyard World LLC,https://www.linkedin.com/company/backyard-world-llc
Muscatine County Extension and Outreach,https://www.linkedin.com/company/muscatine-county-extension-and-outreach
Prosweetz Ingredients Inc,https://www.linkedin.com/company/prosweetz-ingredients-inc
"Community Support Services, Inc","https://www.linkedin.com/company/community-support-services,-inc"
Jobs & Marketing,https://www.linkedin.com/company/jobs-&-marketing
Southeastern Immediate Care,https://www.linkedin.com/company/southeastern-immediate-care
Colonial Behavioral Health,https://www.linkedin.com/company/colonial-behavioral-health
"CFTA, LLC","https://www.linkedin.com/company/cfta,-llc"
"Ramco Engineering, Inc.","https://www.linkedin.com/company/ramco-engineering,-inc."
Kirkland's Flooring,https://www.linkedin.com/company/kirkland's-flooring
"TLI & Environmental Services, Inc.","https://www.linkedin.com/company/tli-&-environmental-services,-inc."
"The Henson Company, Inc.","https://www.linkedin.com/company/the-henson-company,-inc."
Semro Henry & Barga Ltd,https://www.linkedin.com/company/semro-henry-&-barga-ltd
REI Co-Op,https://www.linkedin.com/company/rei-co-op
Pennsylvania Counseling Services,https://www.linkedin.com/company/pennsylvania-counseling-services
Western Rockies Eye Center,https://www.linkedin.com/company/western-rockies-eye-center
SQUARE ONE DENTISTRY,https://www.linkedin.com/company/square-one-dentistry
Southwest Countertops,https://www.linkedin.com/company/southwest-countertops
Maserati Alfa Romeo of San Antonio,https://www.linkedin.com/company/maserati-alfa-romeo-of-san-antonio
Beth A. Gold DDS,https://www.linkedin.com/company/beth-a.-gold-dds
Maplewood Gardens Assisted Living,https://www.linkedin.com/company/maplewood-gardens-assisted-living
HOA- Real Estate Management Company,https://www.linkedin.com/company/hoa--real-estate-management-company
"East Harlem Council for Human Services, Inc.","https://www.linkedin.com/company/east-harlem-council-for-human-services,-inc."
"H.A. Ruckle, CPA","https://www.linkedin.com/company/h.a.-ruckle,-cpa"
"McCalla Raymer Liebert Pierce, LLC","https://www.linkedin.com/company/mccalla-raymer-liebert-pierce,-llc"
J&J Chemical,https://www.linkedin.com/company/j&j-chemical
Covenant Wealth Management,https://www.linkedin.com/company/covenant-wealth-management
Corporate Coverage LLC,https://www.linkedin.com/company/corporate-coverage-llc
Eugene Center for Anxiety and Stress,https://www.linkedin.com/company/eugene-center-for-anxiety-and-stress
Davis Karate Studio,https://www.linkedin.com/company/davis-karate-studio
"FIBA Technologies, Inc.","https://www.linkedin.com/company/fiba-technologies,-inc."
Law Offices of Molly B. Kenny,https://www.linkedin.com/company/law-offices-of-molly-b.-kenny
"The Senior Hub, Inc","https://www.linkedin.com/company/the-senior-hub,-inc"
Veritas Vineyards and Winery,https://www.linkedin.com/company/veritas-vineyards-and-winery
Virginia Power Motor Sports,https://www.linkedin.com/company/virginia-power-motor-sports
Fiat Luxx,https://www.linkedin.com/company/fiat-luxx
1st American,https://www.linkedin.com/company/1st-american
TLV Realty Management LLC,https://www.linkedin.com/company/tlv-realty-management-llc
Inland Waterproofing,https://www.linkedin.com/company/inland-waterproofing
"Direct Community Care, LLC, PA","https://www.linkedin.com/company/direct-community-care,-llc,-pa"
Genesis Logistics Inc. | Supply Chain,https://www.linkedin.com/company/genesis-logistics-inc.-|-supply-chain
Smith And Company HVAC,https://www.linkedin.com/company/smith-and-company-hvac
JMorton Planning and Landscape Architecture,https://www.linkedin.com/company/jmorton-planning-and-landscape-architecture
University Health Partners of Hawaii,https://www.linkedin.com/company/university-health-partners-of-hawaii
"Jauregui Architecture, Interiors, Construction","https://www.linkedin.com/company/jauregui-architecture,-interiors,-construction"
"Merryman-Farr, LLC","https://www.linkedin.com/company/merryman-farr,-llc"
GenPsych,https://www.linkedin.com/company/genpsych
Great Basin Behavioral Health,https://www.linkedin.com/company/great-basin-behavioral-health
Universal Electric of Tallahassee,https://www.linkedin.com/company/universal-electric-of-tallahassee
Pikes Peak Association of REALTORS,https://www.linkedin.com/company/pikes-peak-association-of-realtors
"St. John's United Methodist Church ~ Santa Fe, NM","https://www.linkedin.com/company/st.-john's-united-methodist-church-~-santa-fe,-nm"
Country Financial,https://www.linkedin.com/company/country-financial
Health and rehab Center,https://www.linkedin.com/company/health-and-rehab-center
JKS Farms LLC,https://www.linkedin.com/company/jks-farms-llc
EXPRESS MESSENGER,https://www.linkedin.com/company/express-messenger
"Air-Mart, Inc.","https://www.linkedin.com/company/air-mart,-inc."
Odeh Engineers Inc,https://www.linkedin.com/company/odeh-engineers-inc
Fuccillo Automotive Group,https://www.linkedin.com/company/fuccillo-automotive-group
"U.S. Court of Appeals, Ninth Circuit","https://www.linkedin.com/company/u.s.-court-of-appeals,-ninth-circuit"
BHHS - PSG Dev,https://www.linkedin.com/company/bhhs---psg-dev
Cameron Prestige,https://www.linkedin.com/company/cameron-prestige
Boca Raton Law Office,https://www.linkedin.com/company/boca-raton-law-office
Cheshire County Government,https://www.linkedin.com/company/cheshire-county-government
Revival Venture Partners LLC,https://www.linkedin.com/company/revival-venture-partners-llc
Pechanga Resort Casino,https://www.linkedin.com/company/pechanga-resort-casino
Connected Transportation Partners,https://www.linkedin.com/company/connected-transportation-partners
Constructive Partnerships Unlimited (CP Unlimited),https://www.linkedin.com/company/constructive-partnerships-unlimited-(cp-unlimited)
Dunning Rievman & Davies LLP.,https://www.linkedin.com/company/dunning-rievman-&-davies-llp.
Enterra Homes,https://www.linkedin.com/company/enterra-homes
Sam Buentello Insurance Agency,https://www.linkedin.com/company/sam-buentello-insurance-agency
G&F Road Repair Services,https://www.linkedin.com/company/g&f-road-repair-services
Lynchburg Company,https://www.linkedin.com/company/lynchburg-company
CSCCa,https://www.linkedin.com/company/cscca
Triad Math and Science Academy,https://www.linkedin.com/company/triad-math-and-science-academy
Galveston County Community Action Council,https://www.linkedin.com/company/galveston-county-community-action-council
Village of Palmetto Bay,https://www.linkedin.com/company/village-of-palmetto-bay
Reynolds and Reynolds,https://www.linkedin.com/company/reynolds-and-reynolds
West Shore Group,https://www.linkedin.com/company/west-shore-group
"MMP Properties, Inc.","https://www.linkedin.com/company/mmp-properties,-inc."
AutoDirector,https://www.linkedin.com/company/autodirector
Bette & Cring Construction,https://www.linkedin.com/company/bette-&-cring-construction
Construction and Fencing,https://www.linkedin.com/company/construction-and-fencing
"Sycamore Services, Inc.","https://www.linkedin.com/company/sycamore-services,-inc."
Gunderson Family Companies,https://www.linkedin.com/company/gunderson-family-companies
Faith House,https://www.linkedin.com/company/faith-house
Tutu School,https://www.linkedin.com/company/tutu-school
Monroe Manor SNF,https://www.linkedin.com/company/monroe-manor-snf
American Internet Mortgage (AimLoan.com),https://www.linkedin.com/company/american-internet-mortgage-(aimloan.com)
"Hilex Construction, Inc.","https://www.linkedin.com/company/hilex-construction,-inc."
"Elson S. Floyd College of Medicine, Washington Sta...","https://www.linkedin.com/company/elson-s.-floyd-college-of-medicine,-washington-sta..."
Mindcraft Counseling,https://www.linkedin.com/company/mindcraft-counseling
ALDI,https://www.linkedin.com/company/aldi
Computer Systems Institute Inc,https://www.linkedin.com/company/computer-systems-institute-inc
Miami Cancer Institute at Baptist Health,https://www.linkedin.com/company/miami-cancer-institute-at-baptist-health
Hancock Whitney,https://www.linkedin.com/company/hancock-whitney
Integrity Truck & Trailer Sales & Service,https://www.linkedin.com/company/integrity-truck-&-trailer-sales-&-service
Sport Clips - CA824,https://www.linkedin.com/company/sport-clips---ca824
UNC Rex Healthcare,https://www.linkedin.com/company/unc-rex-healthcare
TekWissen_LLC,https://www.linkedin.com/company/tekwissen_llc
"American Fruits and Flavors, LLC","https://www.linkedin.com/company/american-fruits-and-flavors,-llc"
Phillips Auctioneers,https://www.linkedin.com/company/phillips-auctioneers
J.N. Mayberry and Sons Inc.,https://www.linkedin.com/company/j.n.-mayberry-and-sons-inc.
"North Slope Borough, AK","https://www.linkedin.com/company/north-slope-borough,-ak"
TForce TL Holdings,https://www.linkedin.com/company/tforce-tl-holdings
Committee for Pub Counsel Srvc,https://www.linkedin.com/company/committee-for-pub-counsel-srvc
"ReferralExchange, Inc","https://www.linkedin.com/company/referralexchange,-inc"
FHCCP,https://www.linkedin.com/company/fhccp
Get Bit Outdoors - Custom Fishing Rod Building Sup...,https://www.linkedin.com/company/get-bit-outdoors---custom-fishing-rod-building-sup...
April Welch - State Farm Agent,https://www.linkedin.com/company/april-welch---state-farm-agent
Servpro of Vacaville,https://www.linkedin.com/company/servpro-of-vacaville
Puroclean of Arrowhead Ranch,https://www.linkedin.com/company/puroclean-of-arrowhead-ranch
Lighthouse of Broward,https://www.linkedin.com/company/lighthouse-of-broward
Collins Collins Muir + Stewart LLP,https://www.linkedin.com/company/collins-collins-muir-+-stewart-llp
Lillestol Research,https://www.linkedin.com/company/lillestol-research
Vermilion County 911,https://www.linkedin.com/company/vermilion-county-911
Lomma Crane and Rigging,https://www.linkedin.com/company/lomma-crane-and-rigging
The Pirkle Law Firm,https://www.linkedin.com/company/the-pirkle-law-firm
Electric Wire Products Corp.,https://www.linkedin.com/company/electric-wire-products-corp.
"KLM Engineering, Inc.","https://www.linkedin.com/company/klm-engineering,-inc."
"Southern Spring & Stamping, Inc.","https://www.linkedin.com/company/southern-spring-&-stamping,-inc."
Rocky Mountain Insurance Group,https://www.linkedin.com/company/rocky-mountain-insurance-group
Family Healthcare of East Texas,https://www.linkedin.com/company/family-healthcare-of-east-texas
Adkins Building & Construction,https://www.linkedin.com/company/adkins-building-&-construction
Dallas First Presbyterian Church Developmental Day...,https://www.linkedin.com/company/dallas-first-presbyterian-church-developmental-day...
Medical Supply Solutions,https://www.linkedin.com/company/medical-supply-solutions
MOVE Athletics Physical Therapy and Performance,https://www.linkedin.com/company/move-athletics-physical-therapy-and-performance
"Wrabec Law, P.C.","https://www.linkedin.com/company/wrabec-law,-p.c."
Environmental Remediation Contractors Inc.,https://www.linkedin.com/company/environmental-remediation-contractors-inc.
Statewide Law Firm,https://www.linkedin.com/company/statewide-law-firm
"Creative Resources Technology Group, Inc.","https://www.linkedin.com/company/creative-resources-technology-group,-inc."
"Great Lakes Inter-Tribal Council, Inc.","https://www.linkedin.com/company/great-lakes-inter-tribal-council,-inc."
Ann M Hartz CPA,https://www.linkedin.com/company/ann-m-hartz-cpa
"Aspetto, Inc.","https://www.linkedin.com/company/aspetto,-inc."
"Hickson Construction Co., Inc","https://www.linkedin.com/company/hickson-construction-co.,-inc"
Mark Dimas Properties - The Mark Dimas Team,https://www.linkedin.com/company/mark-dimas-properties---the-mark-dimas-team
"J&A Consulting, LLC","https://www.linkedin.com/company/j&a-consulting,-llc"
Macomb Academy,https://www.linkedin.com/company/macomb-academy
Collier County Public Schools,https://www.linkedin.com/company/collier-county-public-schools
"Lake-Geauga Recovery Centers, Inc.","https://www.linkedin.com/company/lake-geauga-recovery-centers,-inc."
Excell Brands,https://www.linkedin.com/company/excell-brands
Queen's Medical Center,https://www.linkedin.com/company/queen's-medical-center
"Backyard Products, LLC","https://www.linkedin.com/company/backyard-products,-llc"
Natural Collection Corp,https://www.linkedin.com/company/natural-collection-corp
Renaissance Dallas Addison Hotel,https://www.linkedin.com/company/renaissance-dallas-addison-hotel
Global Phoenix,https://www.linkedin.com/company/global-phoenix
"Osteopathic Center, LLC","https://www.linkedin.com/company/osteopathic-center,-llc"
iCounty Technologies LLC,https://www.linkedin.com/company/icounty-technologies-llc
"Pediatric Physicians, PA","https://www.linkedin.com/company/pediatric-physicians,-pa"
Alter Egos Mobile Gallery,https://www.linkedin.com/company/alter-egos-mobile-gallery
"Lutheran Family Services of Virginia, Inc.","https://www.linkedin.com/company/lutheran-family-services-of-virginia,-inc."
Plaquemines Community C.A.R.E. Centers,https://www.linkedin.com/company/plaquemines-community-c.a.r.e.-centers
NC Department of Transportation,https://www.linkedin.com/company/nc-department-of-transportation
Freeport McMoRan,https://www.linkedin.com/company/freeport-mcmoran
NYC Health + Hospitals,https://www.linkedin.com/company/nyc-health-+-hospitals
Quince Pacific Avenue,https://www.linkedin.com/company/quince-pacific-avenue
Grand Image Inc.,https://www.linkedin.com/company/grand-image-inc.
Best Ever Conferences,https://www.linkedin.com/company/best-ever-conferences
Adroit Partners,https://www.linkedin.com/company/adroit-partners
Partners HealthCare(PHS),https://www.linkedin.com/company/partners-healthcare(phs)
Fattmerchant,https://www.linkedin.com/company/fattmerchant
"Intelligentum, LLC","https://www.linkedin.com/company/intelligentum,-llc"
Lanier Parking,https://www.linkedin.com/company/lanier-parking
Open Door Ministries,https://www.linkedin.com/company/open-door-ministries
Fossil Group,https://www.linkedin.com/company/fossil-group
"Crescent Hotels & Resorts, LLC","https://www.linkedin.com/company/crescent-hotels-&-resorts,-llc"
Freshly,https://www.linkedin.com/company/freshly
Contractors Incorporated,https://www.linkedin.com/company/contractors-incorporated
Simply Contents,https://www.linkedin.com/company/simply-contents
"Martinelli Vineyard Management, Inc.","https://www.linkedin.com/company/martinelli-vineyard-management,-inc."
Munich Re America,https://www.linkedin.com/company/munich-re-america
Ascential,https://www.linkedin.com/company/ascential
Summa Health,https://www.linkedin.com/company/summa-health
Kroger General Office,https://www.linkedin.com/company/kroger-general-office
Digitas,https://www.linkedin.com/company/digitas
"Vector Security, Inc.","https://www.linkedin.com/company/vector-security,-inc."
"Goodwill Industries of SWFL, Inc","https://www.linkedin.com/company/goodwill-industries-of-swfl,-inc"
Turner Job Corps Center,https://www.linkedin.com/company/turner-job-corps-center
Martin County Board of County Commissioners,https://www.linkedin.com/company/martin-county-board-of-county-commissioners
eBay Inc.,https://www.linkedin.com/company/ebay-inc.
St. Cecilia School and Academy,https://www.linkedin.com/company/st.-cecilia-school-and-academy
ABC Legal Services Inc.,https://www.linkedin.com/company/abc-legal-services-inc.
Providence Nursing & Rehab Center,https://www.linkedin.com/company/providence-nursing-&-rehab-center
Boys And Girls Clubs of Delaware,https://www.linkedin.com/company/boys-and-girls-clubs-of-delaware
"Southwest Kidney Institute, PLC","https://www.linkedin.com/company/southwest-kidney-institute,-plc"
"Dream Family Home Care,LLC","https://www.linkedin.com/company/dream-family-home-care,llc"
Perspecta Careers,https://www.linkedin.com/company/perspecta-careers
University of New Mexico,https://www.linkedin.com/company/university-of-new-mexico
Northstone Inc.,https://www.linkedin.com/company/northstone-inc.
"102 ICF Incorporated, LLC","https://www.linkedin.com/company/102-icf-incorporated,-llc"
Hearst Magazine Media Inc.,https://www.linkedin.com/company/hearst-magazine-media-inc.
"ICONMA, LLC","https://www.linkedin.com/company/iconma,-llc"
"BD (Becton, Dickinson and Company)","https://www.linkedin.com/company/bd-(becton,-dickinson-and-company)"
The Bailey S. Cavachon Foundation,https://www.linkedin.com/company/the-bailey-s.-cavachon-foundation
Élan Partners,https://www.linkedin.com/company/élan-partners
Association of American Law Schools,https://www.linkedin.com/company/association-of-american-law-schools
Mennonite Homes,https://www.linkedin.com/company/mennonite-homes
Livegenic Inc,https://www.linkedin.com/company/livegenic-inc
"Rosendin Electric, Inc","https://www.linkedin.com/company/rosendin-electric,-inc"
"Rocla Concrete Tie, Inc.","https://www.linkedin.com/company/rocla-concrete-tie,-inc."
UNCF,https://www.linkedin.com/company/uncf
National Business Officers Association,https://www.linkedin.com/company/national-business-officers-association
Synerfac,https://www.linkedin.com/company/synerfac
Hollister Staffing,https://www.linkedin.com/company/hollister-staffing
"SGF Global, Inc.","https://www.linkedin.com/company/sgf-global,-inc."
Stellar Home Team,https://www.linkedin.com/company/stellar-home-team
Airlines Reporting Corporation,https://www.linkedin.com/company/airlines-reporting-corporation
American Physiological Society (APS),https://www.linkedin.com/company/american-physiological-society-(aps)
American Institute of Architects,https://www.linkedin.com/company/american-institute-of-architects
American Industrial Hygiene Association (AIHA),https://www.linkedin.com/company/american-industrial-hygiene-association-(aiha)
"Bay Systems Consulting, Inc","https://www.linkedin.com/company/bay-systems-consulting,-inc"
Dexters Estate Agent Group,https://www.linkedin.com/company/dexters-estate-agent-group
"Parata Systems, LLC","https://www.linkedin.com/company/parata-systems,-llc"
Danville Services of Oregon LLC,https://www.linkedin.com/company/danville-services-of-oregon-llc
"The Town of Vernon, CT","https://www.linkedin.com/company/the-town-of-vernon,-ct"
Vigor Industrial LLC,https://www.linkedin.com/company/vigor-industrial-llc
Coastal Clinical and Management Services Inc.,https://www.linkedin.com/company/coastal-clinical-and-management-services-inc.
Baillie Lumber Co.,https://www.linkedin.com/company/baillie-lumber-co.
AngusOne Professional Recruitment Ltd.,https://www.linkedin.com/company/angusone-professional-recruitment-ltd.
Northern Colorado Auto Reconditioning,https://www.linkedin.com/company/northern-colorado-auto-reconditioning
H&E Equipment Services,https://www.linkedin.com/company/h&e-equipment-services
ER Family of Companies,https://www.linkedin.com/company/er-family-of-companies
Dooley Tackaberry,https://www.linkedin.com/company/dooley-tackaberry
"Pape' Machinery, Inc","https://www.linkedin.com/company/pape'-machinery,-inc"
Penn Mutual Life Insurance,https://www.linkedin.com/company/penn-mutual-life-insurance
Koelsch Communities,https://www.linkedin.com/company/koelsch-communities
"Airbus Helicopters, Inc","https://www.linkedin.com/company/airbus-helicopters,-inc"
"Progeny Human Resources Solutions, LLC","https://www.linkedin.com/company/progeny-human-resources-solutions,-llc"
Kathy Clean,https://www.linkedin.com/company/kathy-clean
Perpetual Labor Sourcing LLC,https://www.linkedin.com/company/perpetual-labor-sourcing-llc
The Academy of Motion Picture Arts,https://www.linkedin.com/company/the-academy-of-motion-picture-arts
Robert Half,https://www.linkedin.com/company/robert-half
Noble & Moon Miami,https://www.linkedin.com/company/noble-&-moon-miami
"University of Tennessee, Knoxville","https://www.linkedin.com/company/university-of-tennessee,-knoxville"
"Forward Air, Inc.","https://www.linkedin.com/company/forward-air,-inc."
Schrödinger,https://www.linkedin.com/company/schrödinger
Ranken Jordan Pediatric Bridge Hospital,https://www.linkedin.com/company/ranken-jordan-pediatric-bridge-hospital
"Lifepoint Hospitals, Inc","https://www.linkedin.com/company/lifepoint-hospitals,-inc"
Healthy Schools,https://www.linkedin.com/company/healthy-schools
Marcum Search,https://www.linkedin.com/company/marcum-search
Group Management Services,https://www.linkedin.com/company/group-management-services
Tek Systems,https://www.linkedin.com/company/tek-systems
"Afognak Native Corporation, Alutiiq LLC, and their subsidiaries","https://www.linkedin.com/company/afognak-native-corporation,-alutiiq-llc,-and-their-subsidiaries"
CSEngineering,https://www.linkedin.com/company/csengineering
Umphysicians,https://www.linkedin.com/company/umphysicians
NEOGOV State of Mississippi,https://www.linkedin.com/company/neogov-state-of-mississippi
Jones Lang LaSalle Incorporated,https://www.linkedin.com/company/jones-lang-lasalle-incorporated
NYU Winthrop,https://www.linkedin.com/company/nyu-winthrop
North Clackamas Schools,https://www.linkedin.com/company/north-clackamas-schools
"Latitude, Inc.","https://www.linkedin.com/company/latitude,-inc."
WellSpan Health Services,https://www.linkedin.com/company/wellspan-health-services
Mount Sinai Health System,https://www.linkedin.com/company/mount-sinai-health-system
"COTG, MOTG, A Xerox Company","https://www.linkedin.com/company/cotg,-motg,-a-xerox-company"
Merito Group LLC,https://www.linkedin.com/company/merito-group-llc
"Avacend, Inc.","https://www.linkedin.com/company/avacend,-inc."
Dynasty Building Solutions,https://www.linkedin.com/company/dynasty-building-solutions
Military Inclusion,https://www.linkedin.com/company/military-inclusion
"Interplace, Inc.","https://www.linkedin.com/company/interplace,-inc."
Hollister - Temp Admin,https://www.linkedin.com/company/hollister---temp-admin
"Integritas Resources, Inc.","https://www.linkedin.com/company/integritas-resources,-inc."
U.S. Bancorp,https://www.linkedin.com/company/u.s.-bancorp
MGO Strategic Staffing,https://www.linkedin.com/company/mgo-strategic-staffing
"My Next Career Path Staffing, LLC","https://www.linkedin.com/company/my-next-career-path-staffing,-llc"
Northern Suburban Special Recreation Association,https://www.linkedin.com/company/northern-suburban-special-recreation-association
Ascent Services Group,https://www.linkedin.com/company/ascent-services-group
Future US,https://www.linkedin.com/company/future-us
"Pathways Personnel, Inc.","https://www.linkedin.com/company/pathways-personnel,-inc."
Columbia Basin Health Association,https://www.linkedin.com/company/columbia-basin-health-association
Clearcover,https://www.linkedin.com/company/clearcover
Low Income Investment Fund Liif,https://www.linkedin.com/company/low-income-investment-fund-liif
"The Edge Fitness Clubs, LLC","https://www.linkedin.com/company/the-edge-fitness-clubs,-llc"
Intersect Illinois,https://www.linkedin.com/company/intersect-illinois
Seminole Hard Rock,https://www.linkedin.com/company/seminole-hard-rock
Accelon Inc.,https://www.linkedin.com/company/accelon-inc.
State of Missouri Department of Corrections,https://www.linkedin.com/company/state-of-missouri-department-of-corrections
Esperanto Development,https://www.linkedin.com/company/esperanto-development
German American Chambers of Commerce®,https://www.linkedin.com/company/german-american-chambers-of-commerce®
Performance Food Group,https://www.linkedin.com/company/performance-food-group
MONONGAHELA VALLEY HOSPITAL INC,https://www.linkedin.com/company/monongahela-valley-hospital-inc
Village of Lincolnwood,https://www.linkedin.com/company/village-of-lincolnwood
NANA Regional Corporation,https://www.linkedin.com/company/nana-regional-corporation
Peak Fitness Solutions,https://www.linkedin.com/company/peak-fitness-solutions
Trinity Health,https://www.linkedin.com/company/trinity-health
